{
	"credit": "Made with Blockbench",
	"texture_size": [32, 32],
	"textures": {
		"0": "item/sawbez/jetpack",
		"particle": "item/sawbez/jetpack"
	},
	"elements": [
		{
			"name": "Body",
			"from": [4, 14, 10],
			"to": [12, 22, 14],
			"rotation": {"angle": 0, "axis": "y", "origin": [8, 0, 12]},
			"faces": {
				"north": {"uv": [2, 2, 6, 6], "texture": "#0"},
				"east": {"uv": [0, 2, 2, 6], "texture": "#0"},
				"south": {"uv": [8, 2, 12, 6], "texture": "#0"},
				"west": {"uv": [6, 2, 8, 6], "texture": "#0"},
				"up": {"uv": [6, 2, 2, 0], "texture": "#0"},
				"down": {"uv": [10, 0, 6, 2], "texture": "#0"}
			}
		},
		{
			"name": "Body",
			"from": [5, 22, 10],
			"to": [11, 23, 13],
			"rotation": {"angle": 0, "axis": "y", "origin": [8, 0, 12]},
			"faces": {
				"north": {"uv": [1.5, 13, 4.5, 13.5], "texture": "#0"},
				"east": {"uv": [0, 13, 1.5, 13.5], "texture": "#0"},
				"south": {"uv": [6, 13, 9, 13.5], "texture": "#0"},
				"west": {"uv": [4.5, 13, 6, 13.5], "texture": "#0"},
				"up": {"uv": [4.5, 13, 1.5, 11.5], "texture": "#0"},
				"down": {"uv": [7.5, 11.5, 4.5, 13], "texture": "#0"}
			}
		},
		{
			"name": "Body",
			"from": [8.5, 7.7, 11],
			"to": [11.5, 14.7, 15],
			"rotation": {"angle": -22.5, "axis": "x", "origin": [8, 12.2, 13]},
			"faces": {
				"north": {"uv": [2, 8, 3.5, 11.5], "texture": "#0"},
				"east": {"uv": [0, 8, 2, 11.5], "texture": "#0"},
				"south": {"uv": [5.5, 8, 7, 11.5], "texture": "#0"},
				"west": {"uv": [3.5, 8, 5.5, 11.5], "texture": "#0"},
				"up": {"uv": [3.5, 8, 2, 6], "texture": "#0"},
				"down": {"uv": [5, 6, 3.5, 8], "texture": "#0"}
			}
		},
		{
			"name": "Body",
			"from": [4.5, 7.7, 11],
			"to": [7.5, 14.7, 15],
			"rotation": {"angle": -22.5, "axis": "x", "origin": [4, 12.2, 13]},
			"faces": {
				"north": {"uv": [2, 8, 3.5, 11.5], "texture": "#0"},
				"east": {"uv": [0, 8, 2, 11.5], "texture": "#0"},
				"south": {"uv": [5.5, 8, 7, 11.5], "texture": "#0"},
				"west": {"uv": [3.5, 8, 5.5, 11.5], "texture": "#0"},
				"up": {"uv": [3.5, 8, 2, 6], "texture": "#0"},
				"down": {"uv": [5, 6, 3.5, 8], "texture": "#0"}
			}
		}
	],
	"display": {
		"thirdperson_righthand": {
			"rotation": [-92.14, 8.49, -176.69],
			"translation": [-1, -3.5, -7.5]
		},
		"thirdperson_lefthand": {
			"rotation": [-89.16, -10.63, 175.63],
			"translation": [1, -2, -8.5]
		},
		"firstperson_righthand": {
			"translation": [0, -5, -5.25]
		},
		"firstperson_lefthand": {
			"translation": [1.25, -4.5, -5]
		},
		"gui": {
			"translation": [0, -7.125, 0]
		},
		"head": {
			"translation": [0, -27.75, 0.5],
			"scale": [1.35, 1.35, 1.35]
		},
		"fixed": {
			"rotation": [0, 180, 0],
			"translation": [0, -7, 2.5]
		}
	},
	"groups": [
		{
			"name": "Body",
			"origin": [8, 24, 8],
			"color": 0,
			"children": [0, 1, 2, 3]
		}
	]
}