{
	"credit": "Made with Blockbench",
	"textures": {
		"0": "item/sawbez/shotty",
		"particle": "item/sawbez/shotty"
	},
	"elements": [
		{
			"from": [6.5, 6.5, 6.99],
			"to": [8.52, 9.5, 9.02],
			"rotation": {"angle": -22.5, "axis": "z", "origin": [7.5, 8, 8]},
			"faces": {
				"north": {"uv": [0, 10, 2, 13], "texture": "#0"},
				"east": {"uv": [2, 10, 4, 13], "texture": "#0"},
				"south": {"uv": [4, 10, 6, 13], "texture": "#0"},
				"west": {"uv": [6, 10, 8, 13], "texture": "#0"},
				"up": {"uv": [13, 8, 11, 6], "texture": "#0"},
				"down": {"uv": [13, 10, 11, 12], "texture": "#0"}
			}
		},
		{
			"from": [7.5, 8.5, 7],
			"to": [10.5, 10.5, 9],
			"rotation": {"angle": 22.5, "axis": "z", "origin": [9, 9.5, 8]},
			"faces": {
				"north": {"uv": [8, 10, 11, 12], "texture": "#0"},
				"east": {"uv": [8, 12, 10, 14], "texture": "#0"},
				"south": {"uv": [11, 0, 14, 2], "texture": "#0"},
				"west": {"uv": [10, 12, 12, 14], "texture": "#0"},
				"up": {"uv": [14, 4, 11, 2], "texture": "#0"},
				"down": {"uv": [14, 4, 11, 6], "texture": "#0"}
			}
		},
		{
			"from": [9.90642, 9.75626, 8.13721],
			"to": [20.90642, 10.75626, 9.13721],
			"rotation": {"angle": -45, "axis": "x", "origin": [15.40178, 10.32615, 8]},
			"faces": {
				"north": {"uv": [0, 0, 11, 1], "texture": "#0"},
				"east": {"uv": [1, 14, 2, 15], "texture": "#0"},
				"south": {"uv": [0, 1, 11, 2], "texture": "#0"},
				"west": {"uv": [14, 1, 15, 2], "texture": "#0"},
				"up": {"uv": [11, 3, 0, 2], "texture": "#0"},
				"down": {"uv": [11, 3, 0, 4], "texture": "#0"}
			}
		},
		{
			"from": [9.5, 9.35, 7.4],
			"to": [16.5, 10.5, 8.6],
			"rotation": {"angle": 0, "axis": "y", "origin": [15.40178, 10.32615, 8]},
			"faces": {
				"north": {"uv": [0, 8, 7, 9], "texture": "#0"},
				"east": {"uv": [12, 13, 13, 14], "texture": "#0"},
				"south": {"uv": [7, 8, 14, 9], "texture": "#0"},
				"west": {"uv": [13, 13, 14, 14], "texture": "#0"},
				"up": {"uv": [7, 10, 0, 9], "texture": "#0"},
				"down": {"uv": [14, 9, 7, 10], "texture": "#0"}
			}
		},
		{
			"from": [16.01669, 8.98212, 7.5],
			"to": [17.51669, 10.13212, 8.5],
			"rotation": {"angle": 22.5, "axis": "z", "origin": [15.40178, 10.32615, 8]},
			"faces": {
				"north": {"uv": [12, 12, 14, 13], "texture": "#0"},
				"east": {"uv": [0, 14, 1, 15], "texture": "#0"},
				"south": {"uv": [0, 13, 2, 14], "texture": "#0"},
				"west": {"uv": [14, 0, 15, 1], "texture": "#0"},
				"up": {"uv": [4, 14, 2, 13], "texture": "#0"},
				"down": {"uv": [6, 13, 4, 14], "texture": "#0"}
			}
		},
		{
			"from": [16.84927, 8.30203, 7.6],
			"to": [17.34927, 8.95203, 8.3],
			"rotation": {"angle": 45, "axis": "z", "origin": [15.40178, 10.32615, 8]},
			"faces": {
				"north": {"uv": [6, 13, 7, 14], "texture": "#0"},
				"east": {"uv": [13, 6, 14, 7], "texture": "#0"},
				"south": {"uv": [7, 13, 8, 14], "texture": "#0"},
				"west": {"uv": [13, 7, 14, 8], "texture": "#0"},
				"up": {"uv": [14, 11, 13, 10], "texture": "#0"},
				"down": {"uv": [14, 11, 13, 12], "texture": "#0"}
			}
		},
		{
			"from": [9.90642, 10.46336, 7.4301],
			"to": [20.90642, 11.46336, 8.4301],
			"rotation": {"angle": -45, "axis": "x", "origin": [15.40178, 10.32615, 8]},
			"faces": {
				"north": {"uv": [0, 0, 11, 1], "texture": "#0"},
				"east": {"uv": [2, 14, 3, 15], "texture": "#0"},
				"south": {"uv": [0, 1, 11, 2], "texture": "#0"},
				"west": {"uv": [14, 2, 15, 3], "texture": "#0"},
				"up": {"uv": [11, 3, 0, 2], "texture": "#0"},
				"down": {"uv": [11, 3, 0, 4], "texture": "#0"}
			}
		}
	],
	"display": {
		"thirdperson_righthand": {
			"rotation": [0, 90, 0]
		},
		"thirdperson_lefthand": {
			"rotation": [0, -90, 0]
		},
		"firstperson_righthand": {
			"rotation": [0, 90, 0]
		},
		"firstperson_lefthand": {
			"rotation": [0, -90, 0]
		},
		"gui": {
			"rotation": [0, 11.34, 31],
			"translation": [-4, -3.25, 0]
		},
		"fixed": {
			"rotation": [-180, 6.25, -140.5],
			"translation": [3.75, -4.25, 0]
		}
	},
	"groups": [
		{
			"name": "group",
			"origin": [8, 8, 8],
			"color": 0,
			"children": [
				0,
				1,
				{
					"name": "group",
					"origin": [8.40642, 3.72731, 0.5],
					"color": 0,
					"children": [2, 3, 4, 5, 6]
				}
			]
		}
	]
}