{
	"credit": "Made with Blockbench",
	"texture_size": [32, 32],
	"textures": {
		"0": "item/sawbez/icesword",
		"particle": "item/sawbez/icesword"
	},
	"elements": [
		{
			"from": [7.5, 3.5, 7],
			"to": [8.5, 9.5, 9],
			"rotation": {"angle": 0, "axis": "y", "origin": [7.5, 3.5, 7]},
			"faces": {
				"north": {"uv": [4, 3, 4.5, 6], "texture": "#0"},
				"east": {"uv": [3, 0, 4, 3], "texture": "#0"},
				"south": {"uv": [4.5, 3, 5, 6], "texture": "#0"},
				"west": {"uv": [3, 3, 4, 6], "texture": "#0"},
				"up": {"uv": [7.5, 4, 7, 3], "texture": "#0"},
				"down": {"uv": [4.5, 7, 4, 8], "texture": "#0"}
			}
		},
		{
			"from": [7.8, 9.5, 7.1],
			"to": [8.2, 28.5, 8.9],
			"rotation": {"angle": 0, "axis": "y", "origin": [7.5, 9.5, 7]},
			"faces": {
				"north": {"uv": [2, 0, 2.5, 9.5], "texture": "#0"},
				"east": {"uv": [0, 0, 1, 9.5], "texture": "#0"},
				"south": {"uv": [2.5, 0, 3, 9.5], "texture": "#0"},
				"west": {"uv": [1, 0, 2, 9.5], "texture": "#0"},
				"up": {"uv": [7, 2, 6.5, 1], "texture": "#0"},
				"down": {"uv": [7.5, 1, 7, 2], "texture": "#0"}
			}
		},
		{
			"from": [7.4, 8.5, 4],
			"to": [8.6, 9.5, 8],
			"rotation": {"angle": -22.5, "axis": "x", "origin": [8, 9, 6]},
			"faces": {
				"north": {"uv": [7.5, 4, 8, 4.5], "texture": "#0"},
				"east": {"uv": [5, 3, 7, 3.5], "texture": "#0"},
				"south": {"uv": [7.5, 4.5, 8, 5], "texture": "#0"},
				"west": {"uv": [5, 3.5, 7, 4], "texture": "#0"},
				"up": {"uv": [5.5, 6, 5, 4], "texture": "#0"},
				"down": {"uv": [6, 0, 5.5, 2], "texture": "#0"}
			}
		},
		{
			"from": [7.4, 8.5, 8],
			"to": [8.6, 9.5, 12],
			"rotation": {"angle": 22.5, "axis": "x", "origin": [8, 9, 10]},
			"faces": {
				"north": {"uv": [5, 7.5, 5.5, 8], "texture": "#0"},
				"east": {"uv": [5.5, 2, 7.5, 2.5], "texture": "#0"},
				"south": {"uv": [7.5, 5, 8, 5.5], "texture": "#0"},
				"west": {"uv": [5.5, 2.5, 7.5, 3], "texture": "#0"},
				"up": {"uv": [6, 6, 5.5, 4], "texture": "#0"},
				"down": {"uv": [6.5, 0, 6, 2], "texture": "#0"}
			}
		},
		{
			"from": [7.7, 8.6, 8.05],
			"to": [8.3, 9.2, 11.05],
			"rotation": {"angle": 22.5, "axis": "x", "origin": [8, 8.7, 9.05]},
			"faces": {
				"north": {"uv": [5.5, 7.5, 6, 8], "texture": "#0"},
				"east": {"uv": [6, 4, 7.5, 4.5], "texture": "#0"},
				"south": {"uv": [7.5, 5.5, 8, 6], "texture": "#0"},
				"west": {"uv": [6, 4.5, 7.5, 5], "texture": "#0"},
				"up": {"uv": [5.5, 7.5, 5, 6], "texture": "#0"},
				"down": {"uv": [6.5, 5, 6, 6.5], "texture": "#0"}
			}
		},
		{
			"from": [7.7, 8.2, 5],
			"to": [8.3, 8.8, 8],
			"rotation": {"angle": -22.5, "axis": "x", "origin": [8, 8.3, 6]},
			"faces": {
				"north": {"uv": [7.5, 6, 8, 6.5], "texture": "#0"},
				"east": {"uv": [6.5, 0, 8, 0.5], "texture": "#0"},
				"south": {"uv": [7.5, 6.5, 8, 7], "texture": "#0"},
				"west": {"uv": [6.5, 0.5, 8, 1], "texture": "#0"},
				"up": {"uv": [6, 7.5, 5.5, 6], "texture": "#0"},
				"down": {"uv": [7, 5, 6.5, 6.5], "texture": "#0"}
			}
		},
		{
			"from": [7.4, 2, 6.5],
			"to": [8.6, 5, 9.5],
			"rotation": {"angle": -45, "axis": "x", "origin": [7.9, 3.5, 8]},
			"faces": {
				"north": {"uv": [6, 6.5, 6.5, 8], "texture": "#0"},
				"east": {"uv": [4, 0, 5.5, 1.5], "texture": "#0"},
				"south": {"uv": [6.5, 6.5, 7, 8], "texture": "#0"},
				"west": {"uv": [4, 1.5, 5.5, 3], "texture": "#0"},
				"up": {"uv": [3.5, 8.5, 3, 7], "texture": "#0"},
				"down": {"uv": [4, 7, 3.5, 8.5], "texture": "#0"}
			}
		},
		{
			"from": [7.7, 27, 7.5],
			"to": [8.3, 29, 9.5],
			"rotation": {"angle": -45, "axis": "x", "origin": [7.9, 27.5, 8]},
			"faces": {
				"north": {"uv": [4.5, 7, 5, 8], "texture": "#0"},
				"east": {"uv": [3, 6, 4, 7], "texture": "#0"},
				"south": {"uv": [7, 5, 7.5, 6], "texture": "#0"},
				"west": {"uv": [4, 6, 5, 7], "texture": "#0"},
				"up": {"uv": [7.5, 7, 7, 6], "texture": "#0"},
				"down": {"uv": [7.5, 7, 7, 8], "texture": "#0"}
			}
		},
		{
			"from": [7.7, 11.30711, 8.3],
			"to": [8.3, 12.40711, 9.4],
			"rotation": {"angle": -45, "axis": "x", "origin": [8, 11.40711, 9.3]},
			"faces": {
				"north": {"uv": [7.5, 7, 8, 7.5], "texture": "#0"},
				"east": {"uv": [7.5, 7.5, 8, 8], "texture": "#0"},
				"south": {"uv": [8, 0, 8.5, 0.5], "texture": "#0"},
				"west": {"uv": [8, 0.5, 8.5, 1], "texture": "#0"},
				"up": {"uv": [8.5, 2.5, 8, 2], "texture": "#0"},
				"down": {"uv": [8.5, 2.5, 8, 3], "texture": "#0"}
			}
		},
		{
			"from": [7.375, 9.35, 6.875],
			"to": [8.625, 10.225, 9.125],
			"rotation": {"angle": 0, "axis": "y", "origin": [6.5, 8.625, 7]},
			"faces": {
				"north": {"uv": [8, 3, 8.5, 3.5], "texture": "#0"},
				"east": {"uv": [7.5, 1, 8.5, 1.5], "texture": "#0"},
				"south": {"uv": [8, 3.5, 8.5, 4], "texture": "#0"},
				"west": {"uv": [7.5, 1.5, 8.5, 2], "texture": "#0"},
				"up": {"uv": [8, 3, 7.5, 2], "texture": "#0"},
				"down": {"uv": [8, 3, 7.5, 4], "texture": "#0"}
			}
		},
		{
			"from": [7.7, 12.80711, 7.8],
			"to": [8.3, 13.40711, 8.4],
			"rotation": {"angle": -45, "axis": "x", "origin": [8, 12.40711, 8.8]},
			"faces": {
				"north": {"uv": [4, 8, 4.5, 8.5], "texture": "#0"},
				"east": {"uv": [8, 4, 8.5, 4.5], "texture": "#0"},
				"south": {"uv": [4.5, 8, 5, 8.5], "texture": "#0"},
				"west": {"uv": [8, 4.5, 8.5, 5], "texture": "#0"},
				"up": {"uv": [5.5, 8.5, 5, 8], "texture": "#0"},
				"down": {"uv": [8.5, 5, 8, 5.5], "texture": "#0"}
			}
		}
	],
	"display": {
		"firstperson_righthand": {
			"rotation": [-20, 0, 0]
		},
		"firstperson_lefthand": {
			"rotation": [-20, 0, 0]
		},
		"ground": {
			"translation": [0, 4.5, 0]
		},
		"gui": {
			"rotation": [-109.1, -44, -103.18],
			"translation": [-5, -5, 0],
			"scale": [0.85, 0.85, 0.85]
		},
		"fixed": {
			"rotation": [93.99, -45.68, 95.71],
			"translation": [4.75, -5, 0],
			"scale": [0.9, 0.9, 0.9]
		}
	},
	"groups": [
		{
			"name": "group",
			"origin": [8, 8, 8],
			"color": 0,
			"children": [0, 1, 2, 3, 4, 5, 6, 7, 8, 9, 10]
		}
	]
}