{
	"credit": "Made with Blockbench",
	"texture_size": [32, 32],
	"textures": {
		"1": "item/sawbez/flamethrower",
		"particle": "item/sawbez/flamethrower"
	},
	"elements": [
		{
			"from": [7, 3.5, 4],
			"to": [8.8, 5, 11],
			"rotation": {"angle": 0, "axis": "y", "origin": [8, 3.5, 7]},
			"faces": {
				"north": {"uv": [7.5, 3.5, 6.5, 2], "rotation": 180, "texture": "#1"},
				"east": {"uv": [2, 2, 3.5, 4], "rotation": 90, "texture": "#1"},
				"south": {"uv": [7.5, 5.5, 6.5, 7], "texture": "#1"},
				"west": {"uv": [3.5, 2, 5, 4], "rotation": 270, "texture": "#1"},
				"up": {"uv": [4.5, 5.5, 5.5, 7.5], "texture": "#1"},
				"down": {"uv": [3.5, 5.5, 4.5, 7.5], "rotation": 180, "texture": "#1"}
			}
		},
		{
			"from": [6.99, 5, -5],
			"to": [9.01, 7, 12],
			"rotation": {"angle": 0, "axis": "y", "origin": [0, 1, 0]},
			"faces": {
				"north": {"uv": [7, 4.5, 8, 5.5], "texture": "#1"},
				"east": {"uv": [0, 0, 8.5, 1], "texture": "#1"},
				"south": {"uv": [3.5, 7.5, 4.5, 8.5], "texture": "#1"},
				"west": {"uv": [0, 1, 8.5, 2], "texture": "#1"},
				"up": {"uv": [1, 10.5, 0, 2], "texture": "#1"},
				"down": {"uv": [2, 2, 1, 10.5], "texture": "#1"}
			}
		},
		{
			"from": [6.99, 5, -5],
			"to": [9.01, 7, 12],
			"rotation": {"angle": 0, "axis": "y", "origin": [0, 1, 0]},
			"faces": {
				"north": {"uv": [7, 4.5, 8, 5.5], "texture": "#1"},
				"east": {"uv": [0, 0, 8.5, 1], "texture": "#1"},
				"south": {"uv": [3.5, 7.5, 4.5, 8.5], "texture": "#1"},
				"west": {"uv": [0, 1, 8.5, 2], "texture": "#1"},
				"up": {"uv": [1, 10.5, 0, 2], "texture": "#1"},
				"down": {"uv": [2, 2, 1, 10.5], "texture": "#1"}
			}
		},
		{
			"from": [6.49, 5.75, -1],
			"to": [7.01, 6.75, 12],
			"rotation": {"angle": 0, "axis": "y", "origin": [-2, 1.75, 0]},
			"faces": {
				"north": {"uv": [7, 4.5, 8, 5.5], "texture": "#1"},
				"east": {"uv": [0, 0, 8.5, 1], "texture": "#1"},
				"south": {"uv": [3.5, 7.5, 4.5, 8.5], "texture": "#1"},
				"west": {"uv": [0, 1, 8.5, 2], "texture": "#1"},
				"up": {"uv": [1, 10.5, 0, 2], "texture": "#1"},
				"down": {"uv": [2, 2, 1, 10.5], "texture": "#1"}
			}
		},
		{
			"from": [8.99, 5.75, -1],
			"to": [9.51, 6.75, 12],
			"rotation": {"angle": 0, "axis": "y", "origin": [1, 1.75, 0]},
			"faces": {
				"north": {"uv": [7, 4.5, 8, 5.5], "texture": "#1"},
				"east": {"uv": [0, 0, 8.5, 1], "texture": "#1"},
				"south": {"uv": [3.5, 7.5, 4.5, 8.5], "texture": "#1"},
				"west": {"uv": [0, 1, 8.5, 2], "texture": "#1"},
				"up": {"uv": [1, 10.5, 0, 2], "texture": "#1"},
				"down": {"uv": [2, 2, 1, 10.5], "texture": "#1"}
			}
		},
		{
			"from": [7, 4, 0.25],
			"to": [9, 6, 3.25],
			"rotation": {"angle": 0, "axis": "y", "origin": [0, 2, -0.75]},
			"faces": {
				"north": {"uv": [0.5, 6.5, 1, 8], "texture": "#1"},
				"east": {"uv": [5, 2, 6.5, 3.5], "texture": "#1"},
				"south": {"uv": [5, 7.5, 5.5, 9], "texture": "#1"},
				"west": {"uv": [2, 5.5, 3.5, 7], "texture": "#1"},
				"up": {"uv": [6, 9, 5.5, 7.5], "texture": "#1"},
				"down": {"uv": [8, 5.5, 7.5, 7], "texture": "#1"}
			}
		},
		{
			"from": [8, 3, 14.5],
			"to": [8.01, 6, 18.5],
			"rotation": {"angle": -45, "axis": "x", "origin": [8.005, 5, 16]},
			"faces": {
				"north": {"uv": [0, 0, 0, 1], "texture": "#1"},
				"east": {"uv": [8.5, 3, 10.5, 4.5], "texture": "#1"},
				"south": {"uv": [0, 0, 0, 1], "texture": "#1"},
				"west": {"uv": [8.5, 1.5, 10.5, 3], "texture": "#1"},
				"up": {"uv": [0, 1.5, 0, 0], "texture": "#1"},
				"down": {"uv": [0, 0, 0, 1.5], "texture": "#1"}
			}
		},
		{
			"from": [7, 3, 12],
			"to": [9, 7, 14],
			"faces": {
				"north": {"uv": [6, 9, 7, 10.5], "texture": "#1"},
				"east": {"uv": [4, 9, 5, 11], "texture": "#1"},
				"south": {"uv": [6, 9, 7, 11], "texture": "#1"},
				"west": {"uv": [4, 9, 5, 11], "texture": "#1"},
				"up": {"uv": [5, 10, 4, 9], "rotation": 180, "texture": "#1"},
				"down": {"uv": [6, 9, 5, 10], "texture": "#1"}
			}
		},
		{
			"from": [7, 5, 14],
			"to": [9, 7, 16],
			"faces": {
				"north": {"uv": [5, 9, 6, 10], "texture": "#1"},
				"east": {"uv": [4, 10, 5, 11], "texture": "#1"},
				"south": {"uv": [4, 9, 5, 10], "texture": "#1"},
				"west": {"uv": [4, 9, 5, 10], "texture": "#1"},
				"up": {"uv": [5, 10, 4, 9], "texture": "#1"},
				"down": {"uv": [7, 10, 6, 11], "texture": "#1"}
			}
		},
		{
			"from": [7.5, 5.25, 16],
			"to": [8.5, 6.25, 20],
			"rotation": {"angle": 0, "axis": "y", "origin": [0.5, 0.25, 2]},
			"faces": {
				"north": {"uv": [6.5, 7, 7.5, 8.5], "texture": "#1"},
				"east": {"uv": [2, 4, 4, 5.5], "texture": "#1"},
				"south": {"uv": [1, 8.5, 2, 10], "texture": "#1"},
				"west": {"uv": [4, 4, 6, 5.5], "texture": "#1"},
				"up": {"uv": [6.5, 7.5, 5.5, 5.5], "texture": "#1"},
				"down": {"uv": [7, 3.5, 6, 5.5], "texture": "#1"}
			}
		},
		{
			"from": [7.1, 3.5, 13],
			"to": [8.9, 6.5, 15],
			"rotation": {"angle": 45, "axis": "x", "origin": [8, 5, 14]},
			"faces": {
				"north": {"uv": [5, 9.5, 6, 11], "texture": "#1"},
				"east": {"uv": [4, 9, 6, 10.5], "texture": "#1"},
				"south": {"uv": [4.5, 9, 5.5, 10.5], "texture": "#1"},
				"west": {"uv": [4, 9, 6, 10.5], "texture": "#1"},
				"up": {"uv": [7, 11, 6, 9], "texture": "#1"},
				"down": {"uv": [7, 9, 6, 11], "texture": "#1"}
			}
		},
		{
			"from": [7, 7, 9],
			"to": [9, 7.75, 9.01],
			"rotation": {"angle": 0, "axis": "y", "origin": [0, 1, 0]},
			"faces": {
				"north": {"uv": [5, 3.5, 6, 4], "texture": "#1"},
				"east": {"uv": [0, 0, 0, 0.5], "texture": "#1"},
				"south": {"uv": [7.5, 7, 8.5, 7.5], "texture": "#1"},
				"west": {"uv": [0, 0, 0, 0.5], "texture": "#1"},
				"up": {"uv": [1, 0, 0, 0], "texture": "#1"},
				"down": {"uv": [1, 0, 0, 0], "texture": "#1"}
			}
		},
		{
			"from": [7.495, 3.5, -3.245],
			"to": [8.495, 3.6, -0.495],
			"rotation": {"angle": -45, "axis": "x", "origin": [7.5, 4, -1.495]},
			"faces": {
				"north": {"uv": [0, 0, 0, 0.5], "texture": "#1"},
				"east": {"uv": [8.5, 2, 7.5, 2.5], "texture": "#1"},
				"south": {"uv": [0, 0, 0, 0.5], "texture": "#1"},
				"west": {"uv": [8.5, 2, 7.5, 2.5], "texture": "#1"},
				"up": {"uv": [7.5, 2, 8, 2.5], "rotation": 270, "texture": "#1"},
				"down": {"uv": [8, 2, 8.5, 2.5], "rotation": 90, "texture": "#1"}
			}
		},
		{
			"from": [7.495, 3.9, -8.895],
			"to": [8.495, 4, -1.895],
			"rotation": {"angle": 22.5, "axis": "x", "origin": [7.5, 4.4, -5.895]},
			"faces": {
				"north": {"uv": [0, 0, 0, 0.5], "texture": "#1"},
				"east": {"uv": [8.5, 2, 7.5, 2.5], "texture": "#1"},
				"south": {"uv": [0, 0, 0, 0.5], "texture": "#1"},
				"west": {"uv": [8.5, 2, 7.5, 2.5], "texture": "#1"},
				"up": {"uv": [8, 2, 8.5, 2.5], "rotation": 270, "texture": "#1"},
				"down": {"uv": [7.5, 2, 8.5, 2.5], "rotation": 90, "texture": "#1"}
			}
		},
		{
			"from": [7.475, 3.88, -8.915],
			"to": [8.515, 4.92, -7.875],
			"rotation": {"angle": 22.5, "axis": "x", "origin": [7.5, 4.4, -5.895]},
			"faces": {
				"north": {"uv": [0, 8, 1, 9], "texture": "#1"},
				"east": {"uv": [0, 8, 1, 9], "texture": "#1"},
				"south": {"uv": [0, 8, 1, 9], "texture": "#1"},
				"west": {"uv": [0, 8, 1, 9], "texture": "#1"},
				"up": {"uv": [1, 8, 0, 9], "rotation": 270, "texture": "#1"},
				"down": {"uv": [1, 8, 0, 9], "rotation": 90, "texture": "#1"}
			}
		},
		{
			"from": [7.495, 4.35, -0.495],
			"to": [8.495, 4.45, 1.505],
			"rotation": {"angle": 0, "axis": "y", "origin": [7.5, 4.85, 2.505]},
			"faces": {
				"north": {"uv": [0, 0, 0, 0.5], "texture": "#1"},
				"east": {"uv": [7.5, 7, 6.5, 7.5], "texture": "#1"},
				"south": {"uv": [0, 0, 0, 0.5], "texture": "#1"},
				"west": {"uv": [8.5, 2, 7.5, 2.5], "texture": "#1"},
				"up": {"uv": [7.5, 2, 8.5, 2.5], "rotation": 270, "texture": "#1"},
				"down": {"uv": [8, 2, 8.5, 2.5], "rotation": 90, "texture": "#1"}
			}
		},
		{
			"from": [6.8, 4.8, -5.95],
			"to": [9.2, 7.2, -4.05],
			"rotation": {"angle": 0, "axis": "y", "origin": [7, 5, -5.75]},
			"faces": {
				"north": {"uv": [10, 0, 11.5, 1.5], "rotation": 270, "texture": "#1"},
				"east": {"uv": [8.5, 0, 9.75, 1.5], "rotation": 180, "texture": "#1"},
				"south": {"uv": [8.5, 0, 10, 1.5], "texture": "#1"},
				"west": {"uv": [8.5, 0, 9.75, 1.5], "texture": "#1"},
				"up": {"uv": [8.5, 0, 10, 1.5], "rotation": 90, "texture": "#1"},
				"down": {"uv": [8.5, 0, 9.75, 1.5], "rotation": 270, "texture": "#1"}
			}
		}
	],
	"display": {
		"thirdperson_righthand": {
			"translation": [0, 3, 1]
		},
		"thirdperson_lefthand": {
			"translation": [0, 3, 1]
		},
		"firstperson_righthand": {
			"translation": [0, 6, 4]
		},
		"firstperson_lefthand": {
			"translation": [0, 6, 4]
		},
		"ground": {
			"scale": [0.75, 0.75, 0.75]
		},
		"gui": {
			"rotation": [82.7, -44.64, 76.59],
			"translation": [-2.25, 0.5, 0],
			"scale": [0.78, 0.78, 0.78]
		},
		"fixed": {
			"rotation": [90, 48.5, -90],
			"translation": [2.5, 1, 0]
		}
	},
	"groups": [
		{
			"name": "silly",
			"origin": [0, 0, 0],
			"color": 0,
			"children": [0, 1, 2, 3, 4, 5, 6, 7, 8, 9, 10, 11, 12, 13, 14, 15, 16]
		}
	]
}